{"cameraMode":{"drawMode":0,"name":"Shaded","section":"Shading Mode"},"sceneLighting":true,"audioPlay":false,"sceneViewState":{"showFog":true,"showMaterialUpdate":false,"showSkybox":true,"showFlares":true,"showImageEffects":true,"showParticleSystems":true},"in2DMode":false,"pivot":{"x":-373.2772521972656,"y":161.97691345214845,"z":-519.9573974609375},"rotation":{"x":-0.16302518546581269,"y":-0.18698500096797944,"z":0.03148508444428444,"w":-0.9682310819625855},"size":7.9435906410217289,"orthographic":false}